ts,open,high,low,close,volume,volCcy,volCcyQuote,confirm
2024-08-13 13:15:00,58994.1,59040.7,58905.3,58958.0,13.72957673,809614.677951579,809614.677951579,0
2024-08-13 13:10:00,59076.0,59187.7,58946.8,58991.3,25.45664035,1502844.447886647,1502844.447886647,1
2024-08-13 13:05:00,59140.0,59195.9,59034.1,59076.1,40.95391072,2421557.16970139,2421557.16970139,1
2024-08-13 13:00:00,59121.6,59230.8,59077.0,59140.0,30.25963295,1789586.382241725,1789586.382241725,1
2024-08-13 12:55:00,59052.0,59188.4,59028.1,59121.7,19.31105807,1141796.797735949,1141796.797735949,1
2024-08-13 12:50:00,58892.0,59083.9,58876.8,59052.1,44.58872729,2628707.266672244,2628707.266672244,1
2024-08-13 12:45:00,58874.5,58940.8,58797.4,58886.0,9.64266433,567696.731701753,567696.731701753,1
2024-08-13 12:40:00,59068.1,59100.1,58815.8,58874.0,13.37588165,788723.232658846,788723.232658846,1
2024-08-13 12:35:00,58955.0,59111.5,58875.0,59072.0,32.3007498,1906976.177651854,1906976.177651854,1
2024-08-13 12:30:00,58851.6,59187.2,58706.3,58945.2,80.46421135,4743665.308034923,4743665.308034923,1
2024-08-13 12:25:00,58799.9,58872.0,58788.0,58848.0,26.90040238,1582920.549243211,1582920.549243211,1
2024-08-13 12:20:00,58860.0,58892.0,58764.3,58793.9,29.735689,1748315.118069226,1748315.118069226,1
2024-08-13 12:15:00,58914.2,58980.7,58862.2,58865.3,23.68615792,1396092.813024371,1396092.813024371,1
2024-08-13 12:10:00,58931.9,59003.5,58830.0,58914.1,32.75441801,1930201.297662201,1930201.297662201,1
2024-08-13 12:05:00,58912.0,58955.8,58881.0,58932.0,17.5192427,1032048.199204559,1032048.199204559,1
2024-08-13 12:00:00,58832.0,58945.3,58808.0,58920.0,11.02657695,649424.183021512,649424.183021512,1
2024-08-13 11:55:00,58784.0,58837.9,58741.9,58832.0,9.9972804,587781.310449017,587781.310449017,1
2024-08-13 11:50:00,58857.9,58874.0,58772.0,58789.5,34.53183448,2031128.073281997,2031128.073281997,1
2024-08-13 11:45:00,58863.8,58891.9,58840.5,58858.0,6.67599305,392930.23652317,392930.23652317,1
2024-08-13 11:40:00,58812.0,58904.4,58785.9,58859.5,19.57199152,1151490.477309996,1151490.477309996,1
2024-08-13 11:35:00,58780.0,58824.6,58766.0,58812.0,26.67474362,1568497.829163914,1568497.829163914,1
2024-08-13 11:30:00,58704.6,58785.2,58692.1,58780.1,16.07156035,943996.791207548,943996.791207548,1
2024-08-13 11:25:00,58728.9,58736.0,58656.0,58707.9,14.56369827,854714.675977704,854714.675977704,1
2024-08-13 11:20:00,58792.0,58792.9,58728.9,58728.9,7.77134511,456657.088239607,456657.088239607,1
2024-08-13 11:15:00,58718.0,58792.8,58711.6,58792.8,9.17022825,538840.274705018,538840.274705018,1
2024-08-13 11:10:00,58668.0,58722.0,58559.9,58718.1,42.10589738,2467929.365131881,2467929.365131881,1
2024-08-13 11:05:00,58691.9,58799.9,58658.1,58667.9,5.37911196,315905.850313643,315905.850313643,1
2024-08-13 11:00:00,58667.9,58744.1,58652.0,58688.1,23.7984988,1397154.758678743,1397154.758678743,1
2024-08-13 10:55:00,58742.0,58763.2,58621.3,58667.9,7.87312659,461888.767618894,461888.767618894,1
2024-08-13 10:50:00,58746.0,58778.2,58708.0,58736.7,6.90468654,405659.710602419,405659.710602419,1
2024-08-13 10:45:00,58693.9,58769.7,58670.8,58741.0,6.30468767,370260.902580427,370260.902580427,1
2024-08-13 10:40:00,58559.8,58700.0,58554.1,58691.0,8.04862658,471948.307754583,471948.307754583,1
2024-08-13 10:35:00,58760.0,58760.0,58496.1,58557.1,54.19333321,3174261.236383991,3174261.236383991,1
2024-08-13 10:30:00,58714.1,58764.0,58622.3,58760.0,12.93317828,759003.752355972,759003.752355972,1
2024-08-13 10:25:00,58521.9,58732.0,58490.0,58715.9,26.35100634,1543648.367161137,1543648.367161137,1
2024-08-13 10:20:00,58817.9,58818.1,58398.1,58521.8,165.24027868,9674006.885135453,9674006.885135453,1
2024-08-13 10:15:00,58833.0,58862.3,58754.5,58817.9,92.88566731,5461735.940635807,5461735.940635807,1
2024-08-13 10:10:00,58856.0,58904.0,58800.1,58836.5,14.98786073,882018.189869721,882018.189869721,1
2024-08-13 10:05:00,58912.1,58956.1,58814.2,58856.0,23.60095416,1389361.409505458,1389361.409505458,1
2024-08-13 10:00:00,58944.0,58972.0,58840.0,58912.1,9.62562443,567082.645804548,567082.645804548,1
2024-08-13 09:55:00,58976.9,58977.4,58894.0,58945.9,4.11254462,242398.93588531,242398.93588531,1
2024-08-13 09:50:00,58861.0,58979.3,58852.1,58976.9,5.04496037,297142.867624064,297142.867624064,1
2024-08-13 09:45:00,58807.4,58878.4,58799.8,58861.1,17.66496307,1039106.826156072,1039106.826156072,1
2024-08-13 09:40:00,58852.7,58967.9,58809.0,58809.0,7.70139274,453554.554283608,453554.554283608,1
2024-08-13 09:35:00,58866.9,58932.0,58785.7,58850.0,19.92546259,1172407.642848259,1172407.642848259,1
2024-08-13 09:30:00,58993.9,59076.5,58846.1,58867.9,16.3223489,961973.653504979,961973.653504979,1
2024-08-13 09:25:00,58778.0,58994.0,58765.4,58994.0,19.10904651,1125282.537165079,1125282.537165079,1
2024-08-13 09:20:00,58875.0,58934.9,58709.0,58776.8,42.42352198,2494641.377314631,2494641.377314631,1
2024-08-13 09:15:00,58999.9,58999.9,58802.3,58877.5,42.76247337,2517176.828090833,2517176.828090833,1
2024-08-13 09:10:00,58933.9,58999.9,58916.3,58999.9,4.36198797,257126.896333559,257126.896333559,1
2024-08-13 09:05:00,58960.0,59012.3,58874.1,58933.9,15.11000862,890517.959399973,890517.959399973,1
2024-08-13 09:00:00,59094.0,59102.0,58919.2,58960.0,60.26085224,3556514.679439079,3556514.679439079,1
2024-08-13 08:55:00,59016.0,59109.5,59013.1,59094.0,6.90512012,407655.283992204,407655.283992204,1
2024-08-13 08:50:00,59040.3,59040.3,58925.9,59009.1,20.51369552,1209865.073938256,1209865.073938256,1
2024-08-13 08:45:00,59069.2,59103.5,59011.4,59036.1,6.70935068,396109.310537598,396109.310537598,1
2024-08-13 08:40:00,59095.9,59135.7,59048.0,59065.5,20.7415846,1226010.367146349,1226010.367146349,1
2024-08-13 08:35:00,58988.6,59102.2,58984.0,59095.9,5.06806335,299245.195764948,299245.195764948,1
2024-08-13 08:30:00,59066.0,59066.0,58950.3,58993.3,33.906379,1999978.073878529,1999978.073878529,1
2024-08-13 08:25:00,59108.0,59110.9,59019.0,59068.0,12.82567567,757370.527232268,757370.527232268,1
2024-08-13 08:20:00,59256.0,59256.0,59094.1,59108.0,15.35785624,908286.744189603,908286.744189603,1
2024-08-13 08:15:00,59276.5,59340.0,59257.8,59257.8,11.93030203,707602.704086211,707602.704086211,1
2024-08-13 08:10:00,59142.0,59273.6,59142.0,59273.6,25.43270503,1505880.160109445,1505880.160109445,1
2024-08-13 08:05:00,59215.6,59224.0,59070.8,59142.0,18.53240356,1095964.982090719,1095964.982090719,1
2024-08-13 08:00:00,59243.9,59244.0,59158.2,59214.0,6.25016219,369885.132307118,369885.132307118,1
2024-08-13 07:55:00,59210.0,59243.9,59174.1,59243.9,4.01482249,237727.499971354,237727.499971354,1
2024-08-13 07:50:00,59304.9,59316.0,59210.0,59210.1,8.66477786,513610.544417835,513610.544417835,1
2024-08-13 07:45:00,59285.6,59325.7,59254.2,59305.0,12.39871306,734981.729432655,734981.729432655,1
2024-08-13 07:40:00,59255.7,59285.6,59241.8,59285.6,8.68442203,514660.781737347,514660.781737347,1
2024-08-13 07:35:00,59179.9,59255.8,59169.4,59255.7,2.85344815,168940.238384179,168940.238384179,1
2024-08-13 07:30:00,59104.0,59191.7,59055.3,59178.0,16.67180606,985898.96809823,985898.96809823,1
2024-08-13 07:25:00,59280.0,59280.1,59100.0,59104.0,17.62140371,1042764.030485075,1042764.030485075,1
2024-08-13 07:20:00,59384.9,59459.9,59268.0,59285.9,15.15986348,900340.392732224,900340.392732224,1
2024-08-13 07:15:00,59411.5,59451.9,59380.0,59384.0,10.14534983,602739.105287641,602739.105287641,1
2024-08-13 07:10:00,59339.8,59413.6,59306.6,59413.6,4.04883464,240260.707885649,240260.707885649,1
2024-08-13 07:05:00,59332.1,59392.0,59316.0,59339.8,8.86553274,526208.47987463,526208.47987463,1
2024-08-13 07:00:00,59371.8,59378.0,59266.1,59332.1,22.20316464,1317112.242222166,1317112.242222166,1
2024-08-13 06:55:00,59401.7,59482.7,59361.1,59371.5,20.33923876,1208513.292992615,1208513.292992615,1
2024-08-13 06:50:00,59397.7,59454.9,59362.8,59406.7,14.74332923,875821.555772176,875821.555772176,1
2024-08-13 06:45:00,59236.1,59475.3,59228.0,59397.7,36.56799864,2171298.103384599,2171298.103384599,1
2024-08-13 06:40:00,59249.9,59267.8,59217.4,59230.1,4.91025306,290918.340922225,290918.340922225,1
2024-08-13 06:35:00,59120.0,59266.2,59087.3,59249.8,7.15521722,423619.578970527,423619.578970527,1
2024-08-13 06:30:00,59106.0,59179.2,59044.2,59113.6,7.12915142,421297.401311314,421297.401311314,1
2024-08-13 06:25:00,58994.1,59145.1,58994.1,59105.1,9.46849959,559328.297604164,559328.297604164,1
2024-08-13 06:20:00,59055.9,59137.3,58978.1,58995.0,26.01305866,1535218.18165855,1535218.18165855,1
2024-08-13 06:15:00,59200.0,59207.9,59055.9,59055.9,5.33329322,315452.751446216,315452.751446216,1
2024-08-13 06:10:00,59249.0,59270.7,59166.0,59200.1,2.16888888,128394.829503808,128394.829503808,1
2024-08-13 06:05:00,59301.9,59320.1,59228.7,59246.0,2.91594324,172844.136217991,172844.136217991,1
2024-08-13 06:00:00,59219.4,59333.3,59142.8,59314.3,9.12302135,540309.211417802,540309.211417802,1
2024-08-13 05:55:00,59238.0,59238.0,59184.9,59219.4,4.12703102,244333.839056056,244333.839056056,1
2024-08-13 05:50:00,59304.4,59369.3,59239.4,59243.6,11.29965133,670209.566055405,670209.566055405,1
2024-08-13 05:45:00,59276.0,59316.6,59258.1,59304.4,12.75277584,756170.881315954,756170.881315954,1
2024-08-13 05:40:00,59236.2,59287.5,59222.0,59275.9,3.98268336,235990.711510348,235990.711510348,1
2024-08-13 05:35:00,59242.2,59255.7,59184.0,59236.0,3.36193971,199086.135611168,199086.135611168,1
2024-08-13 05:30:00,59256.1,59286.1,59206.4,59248.1,6.23031711,369144.980597473,369144.980597473,1
2024-08-13 05:25:00,59250.0,59277.1,59214.0,59256.2,6.00294342,355686.770902883,355686.770902883,1
2024-08-13 05:20:00,59187.9,59298.0,59164.1,59249.9,22.5233324,1334491.238014878,1334491.238014878,1
2024-08-13 05:15:00,59185.8,59233.9,59111.1,59184.0,11.87084732,702197.886609913,702197.886609913,1
2024-08-13 05:10:00,59104.4,59256.0,59104.0,59187.9,5.3433574,316380.17580387,316380.17580387,1
2024-08-13 05:05:00,59164.0,59165.4,59099.4,59104.3,8.35468738,493810.982840519,493810.982840519,1
2024-08-13 05:00:00,59223.9,59223.9,59128.0,59163.9,9.01339214,533402.95587155,533402.95587155,1
2024-08-13 04:55:00,59228.0,59254.3,59213.1,59224.0,2.07930412,123158.306606997,123158.306606997,1
2024-08-13 04:50:00,59168.0,59248.7,59152.2,59224.4,7.91689361,468882.239066025,468882.239066025,1
2024-08-13 04:45:00,59220.3,59228.0,59152.0,59167.1,5.24279803,310393.319749343,310393.319749343,1
2024-08-13 04:40:00,59184.3,59241.5,59148.0,59220.2,5.69949408,337364.334953451,337364.334953451,1
2024-08-13 04:35:00,59199.9,59216.0,59128.1,59186.0,18.5377447,1096857.354447852,1096857.354447852,1
2024-08-13 04:30:00,59127.9,59214.2,59093.2,59196.1,9.50516218,562348.076507958,562348.076507958,1
2024-08-13 04:25:00,59124.0,59156.0,59080.0,59125.1,6.68216364,395002.972382923,395002.972382923,1
2024-08-13 04:20:00,58997.3,59166.3,58997.3,59119.9,12.23528664,722604.848988382,722604.848988382,1
2024-08-13 04:15:00,58924.1,59037.7,58888.1,59000.0,10.99416222,648502.987422419,648502.987422419,1
2024-08-13 04:10:00,58884.3,58936.2,58831.3,58924.1,6.24957029,367974.159705187,367974.159705187,1
2024-08-13 04:05:00,58884.0,58943.1,58859.4,58888.0,7.81634207,460420.534597126,460420.534597126,1
2024-08-13 04:00:00,59048.0,59077.2,58861.7,58886.4,10.42554694,614594.923689343,614594.923689343,1
2024-08-13 03:55:00,58986.0,59054.0,58948.1,59048.0,13.69655429,807813.61553741,807813.61553741,1
2024-08-13 03:50:00,58984.0,59026.1,58873.8,58986.0,22.89278041,1349719.418924668,1349719.418924668,1
2024-08-13 03:45:00,59037.9,59037.9,58882.8,58985.9,49.10596265,2894373.002887198,2894373.002887198,1
2024-08-13 03:40:00,59149.5,59205.9,58986.6,59037.9,75.12160732,4439152.09526588,4439152.09526588,1
2024-08-13 03:35:00,59273.8,59301.9,59146.2,59148.0,7.96932661,471789.736443822,471789.736443822,1
2024-08-13 03:30:00,59242.9,59321.7,59173.4,59284.0,23.61966788,1399630.284134197,1399630.284134197,1
2024-08-13 03:25:00,59403.1,59408.0,59238.5,59242.9,11.43420407,677888.701487138,677888.701487138,1
2024-08-13 03:20:00,59449.8,59462.1,59352.1,59404.0,32.62894983,1938690.438737989,1938690.438737989,1
2024-08-13 03:15:00,59154.9,59487.8,59088.0,59450.0,62.37482902,3696974.384510441,3696974.384510441,1
2024-08-13 03:10:00,59280.0,59319.9,58940.0,59160.0,78.74353172,4654749.623366983,4654749.623366983,1
2024-08-13 03:05:00,59460.8,59460.8,59235.3,59279.5,35.97611421,2135282.685168858,2135282.685168858,1
2024-08-13 03:00:00,59484.7,59522.9,59437.5,59466.2,6.08746283,362034.175025824,362034.175025824,1
2024-08-13 02:55:00,59431.0,59500.0,59424.9,59484.6,3.76631002,223975.088239634,223975.088239634,1
2024-08-13 02:50:00,59436.1,59487.1,59410.0,59430.1,4.49277303,267076.368636964,267076.368636964,1
2024-08-13 02:45:00,59453.9,59512.6,59388.0,59436.1,7.94833421,472614.554028332,472614.554028332,1
2024-08-13 02:40:00,59462.0,59492.4,59406.9,59455.5,4.91538894,292216.193989346,292216.193989346,1
2024-08-13 02:35:00,59548.0,59548.1,59450.0,59452.4,2.95318422,175699.92878212,175699.92878212,1
2024-08-13 02:30:00,59587.5,59620.0,59531.5,59553.9,10.26280094,611372.003019287,611372.003019287,1
2024-08-13 02:25:00,59365.7,59600.0,59364.9,59580.1,16.48869819,981001.410061851,981001.410061851,1
2024-08-13 02:20:00,59386.1,59449.5,59324.0,59365.6,20.03341987,1190294.629025794,1190294.629025794,1
2024-08-13 02:15:00,59472.1,59487.1,59300.0,59391.9,32.82117928,1949306.783759714,1949306.783759714,1
2024-08-13 02:10:00,59594.8,59601.6,59420.1,59472.0,33.12319357,1970535.776600865,1970535.776600865,1
2024-08-13 02:05:00,59666.1,59680.0,59518.3,59599.9,11.05432112,658897.590033319,658897.590033319,1
2024-08-13 02:00:00,59734.2,59779.8,59600.0,59669.7,13.60000953,811939.70352343,811939.70352343,1
2024-08-13 01:55:00,59834.2,59834.2,59672.5,59734.1,11.32462015,676692.194459928,676692.194459928,1
2024-08-13 01:50:00,59750.3,59838.1,59748.0,59832.1,8.9233029,533440.695007254,533440.695007254,1
2024-08-13 01:45:00,59697.9,59758.5,59696.0,59750.2,7.31366497,436849.933303809,436849.933303809,1
2024-08-13 01:40:00,59663.8,59749.9,59663.8,59697.8,40.27515567,2406076.099589981,2406076.099589981,1
2024-08-13 01:35:00,59600.1,59679.5,59600.1,59660.7,7.04524631,420274.587718193,420274.587718193,1
2024-08-13 01:30:00,59555.6,59632.0,59520.0,59603.4,2.92788735,174459.160823893,174459.160823893,1
2024-08-13 01:25:00,59668.0,59727.9,59537.0,59551.1,15.63736464,932671.290019631,932671.290019631,1
2024-08-13 01:20:00,59680.0,59691.8,59579.6,59670.8,14.44858365,861974.745722872,861974.745722872,1
2024-08-13 01:15:00,59547.9,59690.6,59504.0,59680.1,11.72358748,698996.626167406,698996.626167406,1
2024-08-13 01:10:00,59640.0,59682.2,59524.2,59540.0,11.08064611,659969.491714489,659969.491714489,1
2024-08-13 01:05:00,59726.0,59800.0,59464.8,59643.5,28.10415242,1675244.429162811,1675244.429162811,1
2024-08-13 01:00:00,59792.6,59931.7,59719.1,59723.9,35.52124512,2126328.305104029,2126328.305104029,1
2024-08-13 00:55:00,59818.4,59888.0,59741.7,59797.4,11.95825607,715386.599835334,715386.599835334,1
2024-08-13 00:50:00,59647.9,59888.0,59644.0,59822.0,41.22942912,2465238.518134771,2465238.518134771,1
2024-08-13 00:45:00,59533.1,59660.4,59480.8,59650.8,9.42714574,561422.202067829,561422.202067829,1
2024-08-13 00:40:00,59504.0,59655.9,59475.1,59540.0,17.93857089,1068709.893877671,1068709.893877671,1
2024-08-13 00:35:00,59508.0,59627.3,59495.9,59506.6,21.00201335,1251250.131620217,1251250.131620217,1
2024-08-13 00:30:00,59649.6,59786.6,59439.7,59506.0,31.15799089,1857916.595819123,1857916.595819123,1
2024-08-13 00:25:00,59509.9,59666.2,59509.9,59652.0,17.53993817,1045801.287268574,1045801.287268574,1
2024-08-13 00:20:00,59415.9,59512.7,59328.1,59508.0,9.66098258,573780.769445375,573780.769445375,1
2024-08-13 00:15:00,59411.9,59481.9,59364.1,59416.0,5.66146963,336376.725745577,336376.725745577,1
2024-08-13 00:10:00,59608.0,59624.0,59328.0,59412.0,14.96977694,889952.04873837,889952.04873837,1
2024-08-13 00:05:00,59444.1,59621.1,59408.1,59608.0,41.91578678,2496454.77609767,2496454.77609767,1
2024-08-13 00:00:00,59348.0,59455.9,59264.9,59440.0,14.14751546,839827.431326882,839827.431326882,1
2024-08-12 23:55:00,59340.2,59352.0,59294.0,59348.0,2.76446107,163999.018565317,163999.018565317,1
2024-08-12 23:50:00,59344.0,59352.0,59292.0,59340.0,9.90406762,587559.212244381,587559.212244381,1
2024-08-12 23:45:00,59384.0,59404.6,59332.9,59344.6,41.22063433,2447258.509473679,2447258.509473679,1
2024-08-12 23:40:00,59555.6,59555.7,59367.9,59383.2,38.41667897,2282307.31281884,2282307.31281884,1
2024-08-12 23:35:00,59449.9,59556.3,59404.1,59555.9,43.90076404,2611366.988689518,2611366.988689518,1
2024-08-12 23:30:00,59297.2,59451.5,59284.0,59451.5,64.80309405,3847527.828224234,3847527.828224234,1
2024-08-12 23:25:00,59475.6,59478.0,59278.7,59296.0,45.7630762,2716507.342592124,2716507.342592124,1
2024-08-12 23:20:00,59724.9,59741.8,59466.6,59476.1,45.3903805,2703498.26472739,2703498.26472739,1
2024-08-12 23:15:00,59349.9,59750.8,59344.7,59728.6,82.96607694,4938840.20242439,4938840.20242439,1
2024-08-12 23:10:00,59269.9,59400.0,59216.0,59349.9,29.27140546,1736943.312404511,1736943.312404511,1
2024-08-12 23:05:00,59172.0,59356.0,59172.0,59270.0,36.99544316,2193485.778489061,2193485.778489061,1
2024-08-12 23:00:00,59059.6,59213.8,59025.1,59172.0,7.28413966,430713.880261349,430713.880261349,1
2024-08-12 22:55:00,59058.0,59090.0,59046.7,59059.7,3.53303638,208670.993820693,208670.993820693,1
2024-08-12 22:50:00,59048.0,59131.7,59048.0,59057.1,18.76845249,1109237.201514179,1109237.201514179,1
2024-08-12 22:45:00,58943.2,59072.0,58858.1,59047.9,37.22265962,2195975.828104182,2195975.828104182,1
2024-08-12 22:40:00,58922.2,58991.9,58913.3,58940.0,4.35933141,256972.681629862,256972.681629862,1
2024-08-12 22:35:00,59012.1,59024.0,58918.0,58924.0,26.93250371,1589019.589957585,1589019.589957585,1
2024-08-12 22:30:00,59166.9,59175.5,58974.0,59012.1,20.05420756,1183781.855916448,1183781.855916448,1
2024-08-12 22:25:00,59154.0,59200.0,59140.0,59166.0,17.47085888,1033945.644401783,1033945.644401783,1
2024-08-12 22:20:00,59208.0,59253.6,59048.2,59154.1,39.71271643,2348057.208945566,2348057.208945566,1
2024-08-12 22:15:00,59148.0,59226.8,59148.0,59210.0,14.92468922,883791.977536958,883791.977536958,1
2024-08-12 22:10:00,59134.5,59181.4,59096.0,59144.0,7.15016341,422820.359005533,422820.359005533,1
2024-08-12 22:05:00,59084.0,59223.6,59060.1,59147.9,15.85544434,937757.750582257,937757.750582257,1
2024-08-12 22:00:00,58972.0,59096.0,58971.9,59082.5,8.40205304,495944.357032685,495944.357032685,1
2024-08-12 21:55:00,59083.2,59083.2,58964.0,58971.9,6.66990787,393559.766202039,393559.766202039,1
2024-08-12 21:50:00,59077.0,59219.3,59052.7,59083.2,9.20559482,544454.08674529,544454.08674529,1
2024-08-12 21:45:00,59026.1,59077.0,58958.6,59077.0,11.73630655,692187.354954627,692187.354954627,1
2024-08-12 21:40:00,59112.4,59215.3,58991.9,59026.0,22.76819797,1345153.274747303,1345153.274747303,1
2024-08-12 21:35:00,58920.1,59112.1,58847.9,59112.1,63.35956874,3739071.504061789,3739071.504061789,1
2024-08-12 21:30:00,58778.4,59065.5,58778.4,58920.1,39.66742816,2340073.171407633,2340073.171407633,1
2024-08-12 21:25:00,58728.0,58795.9,58696.5,58778.4,10.37689872,609484.898118229,609484.898118229,1
2024-08-12 21:20:00,58724.2,58803.9,58663.3,58728.1,47.85887771,2810848.620985805,2810848.620985805,1
2024-08-12 21:15:00,58804.0,58838.0,58672.0,58732.0,24.22024054,1423260.561378914,1423260.561378914,1
2024-08-12 21:10:00,58559.9,58818.1,58552.1,58804.0,29.50015312,1730663.010359795,1730663.010359795,1
2024-08-12 21:05:00,58652.1,58736.0,58536.3,58563.9,41.54647643,2435264.454859622,2435264.454859622,1
2024-08-12 21:00:00,58846.1,58875.9,58600.0,58652.0,32.22201572,1891277.248251924,1891277.248251924,1
2024-08-12 20:55:00,58919.0,58938.0,58737.4,58848.0,26.46155536,1556889.048865179,1556889.048865179,1
2024-08-12 20:50:00,59156.1,59156.1,58750.0,58920.0,84.97725648,5008437.965370572,5008437.965370572,1
2024-08-12 20:45:00,59272.5,59315.9,59093.3,59159.9,60.18363257,3561133.472976966,3561133.472976966,1
2024-08-12 20:40:00,59184.6,59387.6,59130.8,59272.6,45.77286094,2715249.047855417,2715249.047855417,1
2024-08-12 20:35:00,59094.0,59214.0,59064.2,59184.7,6.77382575,400594.017036374,400594.017036374,1
2024-08-12 20:30:00,59130.6,59173.0,59063.1,59092.4,11.34935988,670848.129522219,670848.129522219,1
2024-08-12 20:25:00,59260.0,59328.0,59127.7,59131.3,19.125126,1132830.01968425,1132830.01968425,1
2024-08-12 20:20:00,59247.9,59263.9,59150.1,59258.1,5.23353024,309905.196883303,309905.196883303,1
2024-08-12 20:15:00,59200.3,59318.2,59157.3,59248.0,41.58152667,2464621.886246578,2464621.886246578,1
2024-08-12 20:10:00,59112.0,59261.8,59106.0,59196.1,16.57383514,981463.1590228,981463.1590228,1
2024-08-12 20:05:00,59196.0,59249.9,59050.3,59108.0,9.74414511,576432.720366247,576432.720366247,1
2024-08-12 20:00:00,59048.0,59200.0,58984.6,59199.9,13.36843994,790133.163843096,790133.163843096,1
2024-08-12 19:55:00,59103.9,59150.9,58947.2,59044.0,42.1359746,2486774.037644732,2486774.037644732,1
2024-08-12 19:50:00,58947.9,59114.8,58916.0,59104.1,25.44336981,1500978.491215282,1500978.491215282,1
2024-08-12 19:45:00,59007.9,59052.7,58823.0,58944.0,57.37218722,3381317.974872319,3381317.974872319,1
2024-08-12 19:40:00,59172.0,59209.9,59000.0,59007.7,30.18157931,1784512.522644615,1784512.522644615,1
2024-08-12 19:35:00,59128.0,59211.8,59091.7,59168.0,22.3432155,1321611.903858392,1321611.903858392,1
2024-08-12 19:30:00,59151.7,59253.5,59112.0,59130.0,159.48858823,9434076.482914623,9434076.482914623,1
2024-08-12 19:25:00,59239.0,59319.3,59150.1,59154.0,259.70051575,15386612.596042257,15386612.596042257,1
2024-08-12 19:20:00,59222.8,59246.4,59104.3,59239.0,63.97934613,3787689.385952619,3787689.385952619,1
2024-08-12 19:15:00,59042.0,59280.0,59024.1,59220.0,40.23925217,2380182.947827416,2380182.947827416,1
2024-08-12 19:10:00,58948.1,59055.9,58934.0,59044.0,30.81614389,1817981.753253236,1817981.753253236,1
2024-08-12 19:05:00,58748.0,59000.0,58716.1,58952.0,56.95939848,3354003.733974333,3354003.733974333,1
2024-08-12 19:00:00,58527.5,58849.1,58527.5,58756.0,35.90429487,2107815.105513902,2107815.105513902,1
2024-08-12 18:55:00,58490.6,58542.0,58440.3,58526.1,33.21385082,1942579.339426009,1942579.339426009,1
2024-08-12 18:50:00,58667.9,58682.9,58472.5,58496.0,92.02483199,5388663.668027479,5388663.668027479,1
2024-08-12 18:45:00,58999.9,59021.5,58625.1,58667.9,74.14172172,4358204.48880511,4358204.48880511,1
2024-08-12 18:40:00,59038.2,59105.3,58964.8,58998.6,5.14515084,303702.457818152,303702.457818152,1
2024-08-12 18:35:00,59177.9,59179.3,58941.5,59038.3,36.10087418,2130987.697972514,2130987.697972514,1
2024-08-12 18:30:00,59192.2,59244.0,59110.0,59171.2,28.22380635,1669662.445105677,1669662.445105677,1
2024-08-12 18:25:00,59168.0,59253.8,59159.7,59199.5,15.22505637,901299.244343234,901299.244343234,1
2024-08-12 18:20:00,59269.4,59320.3,59169.4,59169.4,15.95270519,945158.188838256,945158.188838256,1
2024-08-12 18:15:00,59462.8,59492.7,59227.4,59270.1,24.88528302,1476655.023430525,1476655.023430525,1
2024-08-12 18:10:00,59344.1,59487.3,59298.1,59470.5,22.82055914,1355409.584079709,1355409.584079709,1
2024-08-12 18:05:00,59316.0,59352.0,59230.0,59340.0,10.08754324,598158.123908508,598158.123908508,1
2024-08-12 18:00:00,59300.0,59339.9,59156.4,59312.8,40.24853721,2384668.674254113,2384668.674254113,1
2024-08-12 17:55:00,59319.3,59378.7,59260.1,59295.2,28.92108907,1715763.445399802,1715763.445399802,1
2024-08-12 17:50:00,59484.0,59488.0,59268.0,59325.2,81.73210692,4850084.37208842,4850084.37208842,1
2024-08-12 17:45:00,59610.0,59669.8,59470.5,59483.9,21.16319761,1260507.435524346,1260507.435524346,1
2024-08-12 17:40:00,59722.5,59748.3,59589.2,59611.7,9.07611995,541642.511888446,541642.511888446,1
2024-08-12 17:35:00,59677.5,59770.9,59644.8,59720.0,16.03289055,957154.201731316,957154.201731316,1
2024-08-12 17:30:00,59613.8,59703.9,59612.1,59677.5,9.3004331,554847.283807726,554847.283807726,1
2024-08-12 17:25:00,59728.3,59728.3,59530.1,59613.9,12.31108097,734172.092350473,734172.092350473,1
2024-08-12 17:20:00,59803.9,59914.2,59724.1,59724.1,18.42960228,1102499.273527905,1102499.273527905,1
2024-08-12 17:15:00,59731.9,59816.5,59710.7,59803.9,15.30425771,914440.27550525,914440.27550525,1
2024-08-12 17:10:00,59716.0,59764.0,59572.6,59731.6,26.06075097,1554370.565019048,1554370.565019048,1
2024-08-12 17:05:00,59686.7,59791.0,59660.1,59727.8,18.1357722,1083083.927362504,1083083.927362504,1
2024-08-12 17:00:00,59604.1,59723.5,59513.8,59691.6,17.93518002,1069219.139623,1069219.139623,1
2024-08-12 16:55:00,59763.2,59763.2,59548.8,59608.1,30.70412113,1830460.224253839,1830460.224253839,1
2024-08-12 16:50:00,59844.0,59844.0,59690.9,59763.2,26.80184759,1601101.444669348,1601101.444669348,1
2024-08-12 16:45:00,59812.0,59932.0,59802.0,59851.9,15.21158972,910706.59086343,910706.59086343,1
2024-08-12 16:40:00,59932.6,59989.9,59725.1,59812.0,25.7692142,1542374.022002597,1542374.022002597,1
2024-08-12 16:35:00,59767.9,59960.0,59668.9,59936.0,69.77699109,4169940.344291146,4169940.344291146,1
2024-08-12 16:30:00,59800.0,59852.0,59716.0,59767.9,12.47405455,745801.26251084,745801.26251084,1
2024-08-12 16:25:00,59709.9,59871.1,59709.9,59802.9,31.77762646,1899418.091777722,1899418.091777722,1
2024-08-12 16:20:00,59752.1,59816.0,59643.4,59710.0,39.50439769,2358875.60345498,2358875.60345498,1
2024-08-12 16:15:00,59959.9,59976.0,59725.2,59751.9,57.17660817,3420817.053783579,3420817.053783579,1
2024-08-12 16:10:00,60183.9,60183.9,59937.8,59955.9,53.95937301,3237825.284524858,3237825.284524858,1
2024-08-12 16:05:00,60203.8,60244.8,60054.6,60182.5,27.46489069,1651658.565999788,1651658.565999788,1
2024-08-12 16:00:00,60204.0,60409.1,60088.2,60201.6,74.22861393,4474401.050909025,4474401.050909025,1
2024-08-12 15:55:00,60004.0,60237.0,59994.0,60207.2,34.29054346,2061895.013802383,2061895.013802383,1
2024-08-12 15:50:00,59881.8,60026.6,59852.1,60004.1,24.99342793,1498345.335396843,1498345.335396843,1
2024-08-12 15:45:00,59959.3,60152.4,59715.2,59881.7,86.66419784,5191619.45862566,5191619.45862566,1
2024-08-12 15:40:00,59553.6,60030.0,59553.6,59940.0,102.60312945,6137957.494333505,6137957.494333505,1
2024-08-12 15:35:00,59411.9,59631.6,59374.1,59544.0,131.99168552,7850559.76302932,7850559.76302932,1
2024-08-12 15:30:00,59644.0,59644.0,59300.0,59412.0,111.66678804,6634801.754374271,6634801.754374271,1
2024-08-12 15:25:00,59534.0,59692.7,59238.4,59648.2,129.30779747,7684557.817337426,7684557.817337426,1
2024-08-12 15:20:00,60352.4,60391.6,59422.0,59528.0,195.96726148,11719705.042936465,11719705.042936465,1
2024-08-12 15:15:00,60140.7,60376.0,60056.0,60352.0,61.22892861,3689902.623180747,3689902.623180747,1
2024-08-12 15:10:00,60184.3,60289.5,60036.6,60140.8,24.38099796,1466495.823562537,1466495.823562537,1
2024-08-12 15:05:00,60476.1,60516.0,60140.5,60184.3,151.12857536,9122376.835776195,9122376.835776195,1
2024-08-12 15:00:00,60296.1,60518.1,60241.7,60479.8,100.97175835,6098714.469358791,6098714.469358791,1
2024-08-12 14:55:00,60107.9,60321.1,60104.1,60296.0,78.25452999,4714562.640817539,4714562.640817539,1
2024-08-12 14:50:00,60224.8,60355.9,60034.5,60107.9,69.00291668,4151151.288446295,4151151.288446295,1
2024-08-12 14:45:00,60222.3,60398.3,60178.6,60233.7,68.19833679,4111652.073893875,4111652.073893875,1
2024-08-12 14:40:00,60390.6,60692.8,60160.1,60226.6,165.05161959,9976414.592380304,9976414.592380304,1
2024-08-12 14:35:00,59902.0,60500.0,59750.1,60390.5,219.04813071,13188967.233265107,13188967.233265107,1
2024-08-12 14:30:00,59591.6,59920.0,59400.0,59900.4,95.47444675,5702832.350101572,5702832.350101572,1
2024-08-12 14:25:00,59596.0,59792.1,59475.0,59592.0,159.87260162,9535763.353999931,9535763.353999931,1
2024-08-12 14:20:00,59279.4,59752.0,59186.8,59606.0,104.09688824,6194745.588785914,6194745.588785914,1
2024-08-12 14:15:00,59337.9,59505.4,59091.2,59279.4,142.73458354,8453592.81014305,8453592.81014305,1
2024-08-12 14:10:00,58676.0,59480.5,58584.1,59338.0,192.1150616,11340230.16125763,11340230.16125763,1
2024-08-12 14:05:00,58112.1,58676.1,58100.0,58676.0,97.4495435,5691417.528013332,5691417.528013332,1
2024-08-12 14:00:00,58164.0,58226.0,57784.8,58112.0,194.01204301,11254504.827247648,11254504.827247648,1
2024-08-12 13:55:00,58384.0,58415.9,57985.5,58154.8,212.3515006,12351072.094033927,12351072.094033927,1
2024-08-12 13:50:00,58406.0,58626.0,58321.9,58376.0,86.53618991,5058664.126399113,5058664.126399113,1
2024-08-12 13:45:00,58814.0,58887.9,58307.9,58410.0,179.74376629,10521030.78549608,10521030.78549608,1
2024-08-12 13:40:00,59187.9,59269.2,58714.3,58804.2,255.74078889,15084004.252407456,15084004.252407456,1
2024-08-12 13:35:00,59517.5,59683.4,59139.4,59188.0,97.11555722,5768717.09166889,5768717.09166889,1
2024-08-12 13:30:00,59528.0,59577.6,59416.2,59512.0,19.64396214,1168406.695272986,1168406.695272986,1
2024-08-12 13:25:00,59587.9,59613.8,59476.1,59529.3,16.43062556,978096.835265992,978096.835265992,1
2024-08-12 13:20:00,59607.2,59625.8,59500.0,59587.8,37.823065,2251672.223830978,2251672.223830978,1
2024-08-12 13:15:00,59712.4,59718.4,59581.7,59607.2,20.61145999,1229133.432736835,1229133.432736835,1
2024-08-12 13:10:00,59766.5,59878.5,59699.6,59710.1,26.79957002,1601841.26196307,1601841.26196307,1
2024-08-12 13:05:00,59626.1,59770.8,59626.1,59764.1,14.51841743,866880.079227142,866880.079227142,1
2024-08-12 13:00:00,59730.0,59760.0,59616.2,59629.3,27.48276793,1640530.35953489,1640530.35953489,1
2024-08-12 12:55:00,59593.0,59731.9,59555.1,59728.3,21.45200548,1279413.710754112,1279413.710754112,1
2024-08-12 12:50:00,59596.5,59709.2,59556.0,59593.0,14.54722294,867465.101816812,867465.101816812,1
2024-08-12 12:45:00,59533.8,59628.1,59533.7,59590.4,24.02929737,1431617.850324516,1431617.850324516,1
2024-08-12 12:40:00,59630.0,59633.5,59517.3,59533.8,39.90534089,2377704.877782053,2377704.877782053,1
2024-08-12 12:35:00,59697.2,59714.5,59586.3,59633.9,19.65518332,1172389.306233033,1172389.306233033,1
2024-08-12 12:30:00,59772.0,59931.6,59688.1,59699.7,75.51621484,4518766.370205078,4518766.370205078,1
2024-08-12 12:25:00,59580.2,59777.0,59559.8,59770.1,43.11462046,2574809.815427577,2574809.815427577,1
2024-08-12 12:20:00,59588.0,59597.4,59534.1,59580.1,32.7458853,1950513.448236648,1950513.448236648,1
2024-08-12 12:15:00,59665.4,59747.9,59547.1,59582.8,29.25716742,1744969.05089558,1744969.05089558,1
2024-08-12 12:10:00,59762.4,59774.0,59660.5,59660.5,12.91776257,771344.09820208,771344.09820208,1
2024-08-12 12:05:00,59693.6,59792.4,59693.6,59762.5,38.72388203,2313293.027348477,2313293.027348477,1
2024-08-12 12:00:00,59850.1,59872.6,59688.7,59692.0,57.06159879,3411366.042397959,3411366.042397959,1
2024-08-12 11:55:00,59944.0,59964.0,59806.9,59851.9,36.10388042,2161996.470681628,2161996.470681628,1
2024-08-12 11:50:00,59775.0,59973.9,59734.4,59946.0,48.05430717,2877807.883938243,2877807.883938243,1
2024-08-12 11:45:00,59619.9,59794.9,59619.8,59771.2,26.34043325,1572848.283979919,1572848.283979919,1
2024-08-12 11:40:00,59748.0,59829.7,59589.5,59620.0,69.05781064,4122931.14306045,4122931.14306045,1
2024-08-12 11:35:00,59700.9,59862.0,59641.7,59747.0,70.63194061,4218627.093103678,4218627.093103678,1
2024-08-12 11:30:00,59542.0,59714.2,59449.6,59700.1,46.33588992,2760906.401007359,2760906.401007359,1
2024-08-12 11:25:00,59382.8,59618.2,59374.9,59542.0,106.58539931,6341984.371857407,6341984.371857407,1
2024-08-12 11:20:00,59452.9,59540.1,59331.3,59388.3,114.69919709,6821010.315722202,6821010.315722202,1
2024-08-12 11:15:00,59324.0,59534.5,59318.7,59452.9,47.28321531,2810570.749555885,2810570.749555885,1
2024-08-12 11:10:00,59380.0,59430.5,59265.5,59321.8,71.40983895,4238813.475298669,4238813.475298669,1
2024-08-12 11:05:00,59094.1,59428.4,59076.1,59378.9,111.60678377,6617829.121058741,6617829.121058741,1
2024-08-12 11:00:00,58973.9,59331.5,58885.3,59100.0,81.00926674,4790502.812176085,4790502.812176085,1
2024-08-12 10:55:00,58839.7,58998.9,58822.0,58974.0,114.09655186,6722567.043704928,6722567.043704928,1
2024-08-12 10:50:00,58758.7,58848.0,58752.0,58838.0,28.00843749,1646805.472743638,1646805.472743638,1
2024-08-12 10:45:00,58708.1,58783.7,58708.1,58758.7,47.08335655,2766416.76374462,2766416.76374462,1
2024-08-12 10:40:00,58720.0,58796.0,58665.7,58706.0,29.2243136,1716917.258569663,1716917.258569663,1
2024-08-12 10:35:00,58688.0,58824.8,58688.0,58720.1,55.855127,3281616.77396073,3281616.77396073,1
2024-08-12 10:30:00,58629.6,58729.0,58543.9,58688.0,31.04162703,1819885.313746866,1819885.313746866,1
2024-08-12 10:25:00,58600.1,58633.0,58538.5,58631.9,39.64447969,2322837.151362662,2322837.151362662,1
2024-08-12 10:20:00,58323.9,58627.4,58323.9,58612.0,38.13340346,2232135.688529332,2232135.688529332,1
2024-08-12 10:15:00,58256.7,58386.0,58220.7,58327.6,17.25663219,1005921.884064317,1005921.884064317,1
2024-08-12 10:10:00,58338.4,58340.0,58178.0,58252.0,18.66899871,1087749.142517849,1087749.142517849,1
2024-08-12 10:05:00,58177.4,58350.0,58120.1,58342.6,30.87034747,1797588.631322979,1797588.631322979,1
2024-08-12 10:00:00,58298.4,58308.0,58158.0,58178.0,20.65347653,1202651.918857799,1202651.918857799,1
2024-08-12 09:55:00,58254.1,58344.0,58254.1,58302.1,8.63039168,503223.994166778,503223.994166778,1
2024-08-12 09:50:00,58274.0,58302.0,58207.3,58255.7,7.19732527,419181.977193346,419181.977193346,1
2024-08-12 09:45:00,58372.0,58379.3,58256.0,58277.8,9.78135465,570284.623487424,570284.623487424,1
2024-08-12 09:40:00,58222.0,58383.0,58202.1,58367.1,16.70413849,973160.014947711,973160.014947711,1
2024-08-12 09:35:00,58335.9,58375.0,58170.1,58229.9,18.66375892,1086954.131115904,1086954.131115904,1
2024-08-12 09:30:00,58305.9,58348.2,58175.0,58320.0,21.73958887,1266049.229466952,1266049.229466952,1
2024-08-12 09:25:00,58510.1,58510.1,58172.5,58300.0,73.66858012,4296970.34277364,4296970.34277364,1
2024-08-12 09:20:00,58457.6,58637.8,58454.0,58514.1,22.35035015,1308462.175904235,1308462.175904235,1
2024-08-12 09:15:00,58485.3,58524.4,58414.9,58464.0,16.07159608,939953.595478671,939953.595478671,1
2024-08-12 09:10:00,58428.0,58494.1,58362.1,58485.3,37.59844992,2197103.996651093,2197103.996651093,1
2024-08-12 09:05:00,58438.9,58524.0,58402.7,58428.0,12.03411254,703415.156609894,703415.156609894,1
2024-08-12 09:00:00,58318.8,58439.9,58308.1,58430.3,12.39098281,723308.12463363,723308.12463363,1
2024-08-12 08:55:00,58492.3,58503.9,58244.0,58318.9,76.09982316,4441570.88213399,4441570.88213399,1
2024-08-12 08:50:00,58558.0,58621.0,58466.1,58492.3,32.21036369,1885804.018688919,1885804.018688919,1
2024-08-12 08:45:00,58631.9,58648.0,58534.1,58558.2,22.02443714,1290763.722316719,1290763.722316719,1
2024-08-12 08:40:00,58693.2,58704.4,58612.0,58631.9,11.69286502,685720.73216257,685720.73216257,1
2024-08-12 08:35:00,58835.0,58886.0,58687.2,58688.0,35.36288943,2079079.750638362,2079079.750638362,1
2024-08-12 08:30:00,58731.0,58878.1,58720.0,58836.0,13.80351932,811939.280534335,811939.280534335,1
2024-08-12 08:25:00,58891.5,58891.8,58726.0,58736.3,11.20646666,658901.438457952,658901.438457952,1
2024-08-12 08:20:00,58814.0,58918.0,58757.8,58888.1,23.26684895,1368604.13121832,1368604.13121832,1
2024-08-12 08:15:00,58813.1,58837.5,58718.1,58811.1,19.06449362,1120513.178417619,1120513.178417619,1
2024-08-12 08:10:00,58951.4,58988.0,58776.0,58814.0,43.88110757,2582567.689214976,2582567.689214976,1
2024-08-12 08:05:00,58816.0,59022.0,58772.1,58951.3,52.47707162,3092881.118761287,3092881.118761287,1
2024-08-12 08:00:00,58670.1,58969.7,58670.1,58820.2,50.52960507,2973165.742257774,2973165.742257774,1
2024-08-12 07:55:00,58645.8,58702.0,58588.0,58674.1,31.30833134,1835909.116905796,1835909.116905796,1
2024-08-12 07:50:00,58743.4,58798.0,58580.8,58646.4,84.57519241,4964262.512397782,4964262.512397782,1
2024-08-12 07:45:00,58678.0,58813.9,58618.5,58743.4,73.70775401,4329493.690356035,4329493.690356035,1
2024-08-12 07:40:00,58804.1,59000.0,58639.9,58677.9,97.65426069,5745406.408734081,5745406.408734081,1
2024-08-12 07:35:00,58672.0,58804.1,58527.2,58804.1,105.26869944,6177227.953635052,6177227.953635052,1
2024-08-12 07:30:00,58343.9,58674.8,58267.3,58672.0,92.48971161,5409043.197527659,5409043.197527659,1
2024-08-12 07:25:00,58163.9,58375.0,58154.6,58342.0,69.22456634,4034419.208449231,4034419.208449231,1
2024-08-12 07:20:00,57898.1,58272.7,57592.9,58158.2,237.35366153,13726860.355528867,13726860.355528867,1
2024-08-12 07:15:00,58081.5,58156.0,57828.3,57898.1,151.10077719,8758551.82186475,8758551.82186475,1
2024-08-12 07:10:00,58153.5,58244.6,58033.3,58078.0,68.36305042,3975004.877669495,3975004.877669495,1
2024-08-12 07:05:00,58326.0,58330.0,58150.4,58153.4,56.7162803,3304638.436032044,3304638.436032044,1
2024-08-12 07:00:00,58402.1,58481.3,58286.2,58326.0,36.13630298,2108887.007141185,2108887.007141185,1
2024-08-12 06:55:00,58249.9,58470.9,58236.0,58402.1,50.92132831,2971531.057748447,2971531.057748447,1
2024-08-12 06:50:00,58257.2,58319.9,58130.0,58248.0,204.25619927,11890760.998945322,11890760.998945322,1
2024-08-12 06:45:00,58332.0,58372.0,58258.0,58258.0,9.27277662,540616.016702121,540616.016702121,1
2024-08-12 06:40:00,58348.0,58349.9,58266.0,58336.1,17.64365248,1028628.046969425,1028628.046969425,1
2024-08-12 06:35:00,58398.0,58400.0,58304.1,58350.1,23.23775717,1356564.384404558,1356564.384404558,1
2024-08-12 06:30:00,58503.6,58569.2,58275.1,58399.9,40.53046448,2367004.949223781,2367004.949223781,1
2024-08-12 06:25:00,58458.1,58503.7,58411.9,58503.7,12.55392201,733772.282324568,733772.282324568,1
2024-08-12 06:20:00,58397.9,58481.9,58368.0,58455.2,5.74301508,335568.046834113,335568.046834113,1
2024-08-12 06:15:00,58475.9,58478.0,58360.0,58398.1,21.92773927,1280683.349031602,1280683.349031602,1
2024-08-12 06:10:00,58434.5,58503.7,58434.5,58475.9,14.59713566,853367.326579926,853367.326579926,1
2024-08-12 06:05:00,58537.5,58545.0,58431.1,58434.4,20.75636809,1213559.412202446,1213559.412202446,1
2024-08-12 06:00:00,58567.9,58633.6,58527.2,58527.3,22.96590494,1345553.611172522,1345553.611172522,1
2024-08-12 05:55:00,58578.0,58605.2,58529.4,58568.0,14.92524989,874169.921279965,874169.921279965,1
2024-08-12 05:50:00,58465.3,58590.5,58465.0,58578.0,24.11077499,1411452.873563573,1411452.873563573,1
2024-08-12 05:45:00,58467.4,58521.0,58400.0,58465.0,8.48649377,496096.695419801,496096.695419801,1
2024-08-12 05:40:00,58644.0,58644.0,58461.5,58465.5,21.50148799,1258155.66420644,1258155.66420644,1
2024-08-12 05:35:00,58677.9,58696.0,58625.9,58648.8,18.14316714,1064196.74580432,1064196.74580432,1
2024-08-12 05:30:00,58613.9,58696.9,58560.0,58677.8,14.40503472,844383.983242029,844383.983242029,1
2024-08-12 05:25:00,58557.8,58636.0,58485.0,58612.0,32.98898178,1931451.856545552,1931451.856545552,1
2024-08-12 05:20:00,58572.2,58590.0,58544.1,58554.1,3.88589247,227592.122623092,227592.122623092,1
2024-08-12 05:15:00,58587.7,58594.0,58528.1,58570.0,5.19625054,304386.312475942,304386.312475942,1
2024-08-12 05:10:00,58571.5,58604.0,58571.5,58585.5,2.33923008,137064.020787473,137064.020787473,1
2024-08-12 05:05:00,58531.8,58605.4,58531.4,58568.0,13.5046637,790992.436207,790992.436207,1
2024-08-12 05:00:00,58518.0,58599.9,58516.8,58531.7,4.84732871,283795.903696075,283795.903696075,1
2024-08-12 04:55:00,58562.8,58583.9,58516.4,58518.0,2.21682235,129765.121149366,129765.121149366,1
2024-08-12 04:50:00,58647.3,58647.3,58564.0,58564.0,3.30886874,193930.643548203,193930.643548203,1
2024-08-12 04:45:00,58617.7,58668.5,58578.1,58648.1,10.61255535,622121.407461793,622121.407461793,1
2024-08-12 04:40:00,58547.3,58636.2,58544.0,58616.9,6.59768015,386481.21591836,386481.21591836,1
2024-08-12 04:35:00,58499.9,58560.0,58483.4,58549.8,4.61349513,270015.770874702,270015.770874702,1
2024-08-12 04:30:00,58511.4,58522.0,58460.0,58500.0,6.3802844,373174.975848678,373174.975848678,1
2024-08-12 04:25:00,58375.9,58533.9,58375.9,58512.0,14.89716829,870938.380229501,870938.380229501,1
2024-08-12 04:20:00,58398.1,58442.0,58359.9,58376.0,42.1260012,2459164.201868182,2459164.201868182,1
2024-08-12 04:15:00,58430.5,58470.0,58386.0,58398.2,17.2617231,1008258.869659394,1008258.869659394,1
2024-08-12 04:10:00,58559.5,58572.0,58412.4,58434.5,7.64703451,447036.485046481,447036.485046481,1
2024-08-12 04:05:00,58601.6,58619.9,58524.1,58559.5,5.76571624,337673.568039398,337673.568039398,1
2024-08-12 04:00:00,58515.8,58604.0,58492.4,58604.0,8.13636395,476469.394129517,476469.394129517,1
2024-08-12 03:55:00,58510.0,58531.9,58490.1,58515.9,6.24897416,365633.627630047,365633.627630047,1
2024-08-12 03:50:00,58556.0,58600.1,58509.0,58513.6,4.29250272,251388.488742828,251388.488742828,1
2024-08-12 03:45:00,58524.3,58600.0,58512.1,58556.0,3.93222939,230225.690551608,230225.690551608,1
2024-08-12 03:40:00,58574.1,58582.8,58490.1,58524.2,3.8203541,223604.839647417,223604.839647417,1
2024-08-12 03:35:00,58708.1,58719.7,58574.1,58574.1,19.2714676,1130746.263750474,1130746.263750474,1
2024-08-12 03:30:00,58621.9,58714.3,58573.9,58712.4,10.22357191,599711.522918736,599711.522918736,1
2024-08-12 03:25:00,58635.9,58636.0,58587.5,58622.0,3.45312896,202416.601474072,202416.601474072,1
2024-08-12 03:20:00,58530.5,58658.5,58520.5,58637.6,9.91885572,581062.423759242,581062.423759242,1
2024-08-12 03:15:00,58502.1,58555.5,58437.3,58529.1,8.59017755,502265.60825871,502265.60825871,1
2024-08-12 03:10:00,58586.4,58592.0,58493.6,58505.6,5.19543603,304140.062793782,304140.062793782,1
2024-08-12 03:05:00,58720.8,58720.8,58535.2,58584.8,10.10342846,592218.835688518,592218.835688518,1
2024-08-12 03:00:00,58709.8,58813.8,58682.0,58724.0,27.15243809,1595492.797182994,1595492.797182994,1
2024-08-12 02:55:00,58476.2,58742.6,58450.1,58702.0,32.43281928,1901650.694355631,1901650.694355631,1
2024-08-12 02:50:00,58430.9,58510.8,58382.0,58477.7,22.33779836,1305458.510624887,1305458.510624887,1
2024-08-12 02:45:00,58396.1,58488.2,58336.1,58434.7,28.12126143,1642534.537300942,1642534.537300942,1
2024-08-12 02:40:00,58400.0,58400.0,58310.6,58399.6,250.71884014,14627908.840943089,14627908.840943089,1
2024-08-12 02:35:00,58408.0,58477.9,58400.0,58400.0,20.72893864,1211565.415367973,1211565.415367973,1
2024-08-12 02:30:00,58464.0,58490.0,58406.1,58412.0,10.95689604,640368.941868186,640368.941868186,1
2024-08-12 02:25:00,58507.8,58535.9,58417.3,58462.1,8.94397279,522936.266684094,522936.266684094,1
2024-08-12 02:20:00,58533.8,58563.2,58500.1,58515.2,3.52091775,206092.313165824,206092.313165824,1
2024-08-12 02:15:00,58613.9,58648.9,58480.1,58528.7,8.35752571,489621.967001591,489621.967001591,1
2024-08-12 02:10:00,58427.1,58616.5,58422.0,58614.0,5.28091412,308930.960701413,308930.960701413,1
2024-08-12 02:05:00,58464.0,58466.0,58356.0,58427.5,15.94193252,931335.535457008,931335.535457008,1
2024-08-12 02:00:00,58580.1,58636.0,58460.1,58463.4,24.80401403,1453130.661579534,1453130.661579534,1
2024-08-12 01:55:00,58677.8,58691.8,58580.2,58580.2,6.88071219,403562.306228789,403562.306228789,1
2024-08-12 01:50:00,58539.9,58697.9,58522.0,58677.8,21.16752531,1240711.696268525,1240711.696268525,1
2024-08-12 01:45:00,58596.0,58619.8,58492.5,58540.6,23.55269993,1378985.856893466,1378985.856893466,1
2024-08-12 01:40:00,58494.6,58657.3,58477.9,58598.0,36.6792276,2148761.447969526,2148761.447969526,1
2024-08-12 01:35:00,58349.9,58505.9,58328.0,58496.0,33.31806354,1946912.507555011,1946912.507555011,1
2024-08-12 01:30:00,58498.0,58529.9,58279.9,58345.9,69.27903734,4042742.513321106,4042742.513321106,1
2024-08-12 01:25:00,58648.0,58648.0,58494.1,58498.0,86.90236947,5090261.742040512,5090261.742040512,1
2024-08-12 01:20:00,58736.8,58770.0,58652.1,58652.1,32.03830497,1880987.150128972,1880987.150128972,1
2024-08-12 01:15:00,58608.0,58796.0,58607.6,58738.6,63.76616218,3742359.502390216,3742359.502390216,1
2024-08-12 01:10:00,58329.9,58667.2,58329.9,58608.1,20.19915657,1182626.868165954,1182626.868165954,1
2024-08-12 01:05:00,58300.0,58421.9,58278.2,58328.1,29.0948585,1696772.917884094,1696772.917884094,1
2024-08-12 01:00:00,58451.9,58518.1,58292.5,58300.1,15.84378317,925152.785157183,925152.785157183,1
2024-08-12 00:55:00,58447.0,58520.0,58400.1,58448.9,16.05051214,938083.118866601,938083.118866601,1
2024-08-12 00:50:00,58544.0,58599.8,58438.3,58444.1,13.66573886,799619.740591976,799619.740591976,1
2024-08-12 00:45:00,58337.9,58715.8,58337.9,58546.0,76.82788388,4497386.175791738,4497386.175791738,1
2024-08-12 00:40:00,58308.1,58420.0,58247.8,58338.0,71.00141095,4141835.395425502,4141835.395425502,1
2024-08-12 00:35:00,58423.8,58520.9,58221.9,58310.0,107.28795491,6263641.923769411,6263641.923769411,1
2024-08-12 00:30:00,58653.0,58658.0,58073.6,58423.8,167.0860086,9751166.51827924,9751166.51827924,1
2024-08-12 00:25:00,58764.1,58829.8,58641.7,58650.1,20.18034795,1185384.730494844,1185384.730494844,1
2024-08-12 00:20:00,59058.3,59058.3,58675.8,58758.0,23.40551318,1376919.526525219,1376919.526525219,1
2024-08-12 00:15:00,58872.9,59080.0,58818.2,59054.0,14.96849076,882928.402640358,882928.402640358,1
2024-08-12 00:10:00,58797.1,58890.3,58771.9,58877.4,23.08163172,1358118.215287796,1358118.215287796,1
2024-08-12 00:05:00,58760.1,58847.9,58730.1,58796.0,18.1505912,1067115.396978564,1067115.396978564,1
2024-08-12 00:00:00,58711.6,58844.5,58632.3,58758.0,103.38182803,6069784.54991892,6069784.54991892,1
2024-08-11 23:55:00,58820.2,58822.0,58690.0,58711.7,103.25943761,6062574.387504408,6062574.387504408,1
2024-08-11 23:50:00,58800.1,58834.7,58734.0,58820.3,15.19810677,893147.935040489,893147.935040489,1
2024-08-11 23:45:00,58821.7,58877.9,58800.1,58800.1,27.49708715,1617788.293751356,1617788.293751356,1
2024-08-11 23:40:00,58880.0,58918.4,58816.0,58821.8,9.21474927,542453.679706486,542453.679706486,1
2024-08-11 23:35:00,59000.0,59000.0,58850.1,58878.0,5.95324152,350696.811354286,350696.811354286,1
2024-08-11 23:30:00,58954.3,59024.4,58909.2,59000.1,4.1978339,247601.238812063,247601.238812063,1
2024-08-11 23:25:00,58891.6,58998.6,58890.0,58954.4,12.68957901,748153.000774863,748153.000774863,1
2024-08-11 23:20:00,58839.3,58906.6,58799.1,58882.1,5.62517404,331003.693594378,331003.693594378,1
2024-08-11 23:15:00,58754.1,58858.8,58726.4,58840.0,9.67103,568678.044459976,568678.044459976,1
2024-08-11 23:10:00,58848.0,58883.9,58714.6,58754.2,11.33687748,666077.22847504,666077.22847504,1
2024-08-11 23:05:00,58820.0,58897.4,58783.7,58840.1,13.69877298,805737.881328355,805737.881328355,1
2024-08-11 23:00:00,58989.9,58989.9,58783.9,58821.1,16.90569506,995378.084693625,995378.084693625,1
2024-08-11 22:55:00,59097.9,59100.0,58986.1,58990.0,68.07762061,4019168.837067419,4019168.837067419,1
2024-08-11 22:50:00,59035.7,59160.3,59006.1,59094.0,12.08830834,714354.80322445,714354.80322445,1
2024-08-11 22:45:00,58866.0,59067.9,58860.4,59035.7,25.84966552,1524738.704854183,1524738.704854183,1
2024-08-11 22:40:00,58825.9,58960.0,58786.5,58866.0,15.53042002,914781.311007829,914781.311007829,1
2024-08-11 22:35:00,58720.0,58861.9,58586.0,58825.9,21.28005545,1249806.013414464,1249806.013414464,1
2024-08-11 22:30:00,58680.8,58771.9,58530.6,58720.0,16.4449067,964369.809239586,964369.809239586,1
2024-08-11 22:25:00,58620.6,58743.5,58613.2,58680.7,38.01784301,2230932.408413623,2230932.408413623,1
2024-08-11 22:20:00,58774.0,58829.0,58608.1,58628.0,36.17994698,2123752.719814306,2123752.719814306,1
2024-08-11 22:15:00,58624.0,58771.9,58538.4,58771.9,25.34967799,1487534.348354995,1487534.348354995,1
2024-08-11 22:10:00,58798.0,58829.9,58600.4,58619.6,56.14820294,3294999.523076959,3294999.523076959,1
2024-08-11 22:05:00,59194.5,59227.7,58789.6,58796.0,40.90127749,2412567.36380945,2412567.36380945,1
2024-08-11 22:00:00,59012.0,59349.9,58888.1,59182.9,75.01649923,4436521.575318459,4436521.575318459,1
2024-08-11 21:55:00,59057.9,59057.9,58940.6,59018.0,22.80598885,1345709.028391624,1345709.028391624,1
2024-08-11 21:50:00,58870.0,59079.9,58772.6,59056.0,20.03075897,1180918.23975292,1180918.23975292,1
2024-08-11 21:45:00,58979.9,58979.9,58868.1,58870.0,5.98946213,352786.477011399,352786.477011399,1
2024-08-11 21:40:00,58806.2,58980.0,58753.3,58980.0,22.67344418,1334901.832363421,1334901.832363421,1
2024-08-11 21:35:00,58683.9,58806.3,58602.9,58806.3,25.94552781,1523338.560346051,1523338.560346051,1
2024-08-11 21:30:00,58609.9,58764.0,58508.5,58683.9,27.20160635,1593866.969095203,1593866.969095203,1
2024-08-11 21:25:00,58770.0,58770.0,58578.2,58610.0,20.40107853,1197672.779837529,1197672.779837529,1
2024-08-11 21:20:00,58721.7,58799.7,58663.2,58770.1,17.84387263,1048162.436643882,1048162.436643882,1
2024-08-11 21:15:00,58587.7,58721.7,58532.0,58720.0,54.42532529,3192348.575999056,3192348.575999056,1
2024-08-11 21:10:00,58432.2,58630.2,58392.0,58584.0,22.20021354,1298390.540327133,1298390.540327133,1
2024-08-11 21:05:00,58432.0,58646.3,58315.0,58432.2,41.75282638,2443310.169973893,2443310.169973893,1
2024-08-11 21:00:00,58503.1,58506.0,58358.4,58444.1,74.45549095,4350668.096367937,4350668.096367937,1
2024-08-11 20:55:00,58642.0,58687.1,58482.0,58508.4,24.54917826,1437964.328543044,1437964.328543044,1
2024-08-11 20:50:00,58638.0,58765.0,58620.5,58649.2,13.42268628,787784.510775478,787784.510775478,1
2024-08-11 20:45:00,58724.1,58786.0,58600.0,58637.8,22.93294011,1345600.170149046,1345600.170149046,1
2024-08-11 20:40:00,58668.0,58872.7,58600.0,58724.0,65.12336974,3825283.703111471,3825283.703111471,1
2024-08-11 20:35:00,58604.0,58789.0,58300.4,58667.9,131.42733823,7688780.311612554,7688780.311612554,1
2024-08-11 20:30:00,58620.5,58738.7,58564.2,58593.9,26.15364214,1533798.491921254,1533798.491921254,1
2024-08-11 20:25:00,58654.1,58748.5,58536.5,58619.8,67.97207753,3983921.744967771,3983921.744967771,1
2024-08-11 20:20:00,58830.0,58896.5,58642.9,58654.6,55.27526072,3246705.11009416,3246705.11009416,1
2024-08-11 20:15:00,59024.4,59176.0,58728.7,58828.8,59.33963847,3495184.310401355,3495184.310401355,1
2024-08-11 20:10:00,58961.6,59067.7,58761.2,59026.1,66.79095173,3935097.625953043,3935097.625953043,1
2024-08-11 20:05:00,59358.0,59499.9,58780.7,58950.2,287.85771322,16992231.2953671,16992231.2953671,1
2024-08-11 20:00:00,59630.0,59678.0,59231.8,59360.1,168.35921916,9998805.719631646,9998805.719631646,1
2024-08-11 19:55:00,59702.0,59737.9,59613.2,59629.9,8.18855171,488673.580946386,488673.580946386,1
2024-08-11 19:50:00,59729.9,59760.0,59657.7,59701.5,14.4385953,862253.138373905,862253.138373905,1
2024-08-11 19:45:00,59823.9,59861.4,59704.8,59728.3,7.20819678,430976.995746291,430976.995746291,1
2024-08-11 19:40:00,59620.0,59837.5,59600.1,59825.0,26.19421219,1563410.248668834,1563410.248668834,1
